dataset,experiment,avg_anls,avg_vt5_anls,avg_ret@k,avg_chunk_score@k,avg_E,avg_C,avg_H,avg_DUDU
emails_es,rag_vt5,0.22887700534759362,0.22887700534759362,1.0,0.8607395964377478,1.1333333333333333,1.1333333333333333,1.3333333333333333,0.3911133333333333
emails_es,rag_vt5_qwen,0.36483294483294487,0.22887700534759362,1.0,0.8607395964377478,2.466666666666667,2.466666666666667,2.8,0.8444466666666666
emails_en,rag_vt5,0.48765563435776205,0.48765563435776205,0.8666666666666667,0.8507620361573185,2.4,2.2666666666666666,2.8,0.8133266666666666
emails_en,rag_vt5_qwen,0.421968182575379,0.48765563435776205,0.8666666666666667,0.8507620361573185,2.7333333333333334,2.6666666666666665,2.933333333333333,0.9177733333333333
